epoch,iteration,model_best_val_score,model_loss,model_val_score,step,train_dataset_size,val_dataset_size
0.0,0.0,37.6979866027832,374.41032319910386,37.6979866027832,1,4200.0,1050.0
1.0,0.0,37.6979866027832,174.43046121036306,37.75889587402344,2,4200.0,1050.0
2.0,0.0,36.26423263549805,158.36138916015625,36.26423263549805,3,4200.0,1050.0
3.0,0.0,33.94349670410156,149.4538969152114,33.94349670410156,4,4200.0,1050.0
4.0,0.0,31.91547203063965,140.4030259076287,31.91547203063965,5,4200.0,1050.0
5.0,0.0,29.912025451660156,131.43145348044004,29.912025451660156,6,4200.0,1050.0
6.0,0.0,27.238927841186523,119.54111929500804,27.238927841186523,7,4200.0,1050.0
7.0,0.0,24.178953170776367,106.78000416475184,24.178953170776367,8,4200.0,1050.0
8.0,0.0,20.71003532409668,93.08307782341453,20.71003532409668,9,4200.0,1050.0
9.0,0.0,17.29302406311035,78.6113577450023,17.29302406311035,10,4200.0,1050.0
10.0,0.0,14.946878433227539,66.21230405919692,14.946878433227539,11,4200.0,1050.0
11.0,0.0,13.214229583740234,57.44935832304113,13.214229583740234,12,4200.0,1050.0
12.0,0.0,11.883414268493652,50.76901514389936,11.883414268493652,13,4200.0,1050.0
13.0,0.0,10.791892051696777,45.30963448917164,10.791892051696777,14,4200.0,1050.0
14.0,0.0,9.64765453338623,40.803801592658544,9.64765453338623,15,4200.0,1050.0
15.0,0.0,8.644198417663574,36.15256702198702,8.644198417663574,16,4200.0,1050.0
16.0,0.0,7.907959938049316,32.626432979808136,7.907959938049316,17,4200.0,1050.0
17.0,0.0,7.192810535430908,29.398134007173425,7.192810535430908,18,4200.0,1050.0
18.0,0.0,6.658892631530762,27.843798581291647,6.77766227722168,19,4200.0,1050.0
19.0,0.0,5.686546802520752,23.798461016486673,5.686546802520752,20,4200.0,1050.0
20.0,0.0,4.856409549713135,19.83990467295927,4.856409549713135,21,4200.0,1050.0
21.0,0.0,4.13807487487793,16.751145250657025,4.13807487487793,22,4200.0,1050.0
22.0,0.0,3.669424295425415,14.651030933155733,3.7387092113494873,23,4200.0,1050.0
23.0,0.0,3.2342710494995117,12.389219003565172,3.251225233078003,24,4200.0,1050.0
24.0,0.0,2.8970725536346436,10.346308652092429,2.8970725536346436,25,4200.0,1050.0
25.0,0.0,2.6863627433776855,9.111244930940515,2.6863627433776855,26,4200.0,1050.0
26.0,0.0,2.514181613922119,8.585706514470717,2.514181613922119,27,4200.0,1050.0
27.0,0.0,2.3414764404296875,7.144385618322036,2.3414764404296875,28,4200.0,1050.0
28.0,0.0,2.1620519161224365,7.849184653338264,2.3008358478546143,29,4200.0,1050.0
29.0,0.0,2.029456853866577,6.1523888251360725,2.082444190979004,30,4200.0,1050.0
30.0,0.0,1.934558629989624,5.819968812605914,1.9437322616577148,31,4200.0,1050.0
31.0,0.0,1.8440585136413574,6.378386217005112,1.9257009029388428,32,4200.0,1050.0
32.0,0.0,1.7747070789337158,5.346647627213422,1.8626846075057983,33,4200.0,1050.0
33.0,0.0,1.7136784791946411,5.851439476013184,1.854886770248413,34,4200.0,1050.0
34.0,0.0,1.6640334129333496,4.492337086621453,1.6711620092391968,35,4200.0,1050.0
35.0,0.0,1.6114667654037476,4.088121035519769,1.6143834590911865,36,4200.0,1050.0
36.0,0.0,1.5599902868270874,3.9468588688794304,1.5599902868270874,37,4200.0,1050.0
37.0,0.0,1.5198642015457153,3.3387911319732666,1.5198642015457153,38,4200.0,1050.0
38.0,0.0,1.4971774816513062,3.7075927397784065,1.5272552967071533,39,4200.0,1050.0
39.0,0.0,1.4777591228485107,3.5880949216730453,1.4840284585952759,40,4200.0,1050.0
40.0,0.0,1.4602599143981934,3.3883855623357437,1.4702703952789307,41,4200.0,1050.0
41.0,0.0,1.4439271688461304,3.3743742213529697,1.4481624364852905,42,4200.0,1050.0
42.0,0.0,1.4304678440093994,3.3307887385873234,1.4487799406051636,43,4200.0,1050.0
43.0,0.0,1.4239943027496338,4.309401988983154,1.4835412502288818,44,4200.0,1050.0
44.0,0.0,1.4239943027496338,4.030633225160487,1.4378142356872559,45,4200.0,1050.0
45.0,0.0,1.415258765220642,3.7247110535116756,1.4298540353775024,46,4200.0,1050.0
46.0,0.0,1.415258765220642,3.2801413536071777,1.4169827699661255,47,4200.0,1050.0
47.0,0.0,1.3917700052261353,2.7616825103759766,1.3992916345596313,48,4200.0,1050.0
48.0,0.0,1.3819741010665894,2.1570521382724537,1.3823076486587524,49,4200.0,1050.0
49.0,0.0,1.3746682405471802,2.7112126069910385,1.4354298114776611,50,4200.0,1050.0
50.0,0.0,1.3701279163360596,2.8261405439937817,1.386888027191162,51,4200.0,1050.0
51.0,0.0,1.3653470277786255,2.1857061315985287,1.3677771091461182,52,4200.0,1050.0
52.0,0.0,1.3549200296401978,1.4382420287412756,1.356606125831604,53,4200.0,1050.0
53.0,0.0,1.341637134552002,0.5131622062009924,1.3420838117599487,54,4200.0,1050.0
54.0,0.0,1.3358465433120728,-0.0441360684002147,1.3378244638442993,55,4200.0,1050.0
55.0,0.0,1.3316446542739868,0.22840356125551112,1.3408530950546265,56,4200.0,1050.0
56.0,0.0,1.325390338897705,0.004192941329058479,1.3522065877914429,57,4200.0,1050.0
57.0,0.0,1.3149316310882568,0.03176723508273854,1.348313808441162,58,4200.0,1050.0
58.0,0.0,1.3079068660736084,-0.5824636010562673,1.3183856010437012,59,4200.0,1050.0
59.0,0.0,1.303152084350586,-1.0095665104248945,1.3061063289642334,60,4200.0,1050.0
60.0,0.0,1.2977166175842285,-1.0938418121898876,1.303415298461914,61,4200.0,1050.0
61.0,0.0,1.2977166175842285,-0.6580494221519021,1.3078958988189697,62,4200.0,1050.0
62.0,0.0,1.2908837795257568,-0.8215653335346895,1.2992161512374878,63,4200.0,1050.0
63.0,0.0,1.2908837795257568,-1.3446131664163925,1.2961056232452393,64,4200.0,1050.0
64.0,0.0,1.2821969985961914,-1.674937970498029,1.2884547710418701,65,4200.0,1050.0
65.0,0.0,1.2821969985961914,-2.009724084068747,1.2847756147384644,66,4200.0,1050.0
66.0,0.0,1.2743557691574097,-2.6830643205081715,1.2778184413909912,67,4200.0,1050.0
67.0,0.0,1.2708927392959595,-2.8222058169982014,1.2754617929458618,68,4200.0,1050.0
68.0,0.0,1.2617037296295166,-3.4828452783472397,1.2645233869552612,69,4200.0,1050.0
69.0,0.0,1.2565815448760986,-4.055874347686768,1.2617642879486084,70,4200.0,1050.0
70.0,0.0,1.2518662214279175,-4.766899894265568,1.2540090084075928,71,4200.0,1050.0
71.0,0.0,1.2485384941101074,-4.8708127807168395,1.2603412866592407,72,4200.0,1050.0
72.0,0.0,1.2485384941101074,-4.964617112103631,1.2498518228530884,73,4200.0,1050.0
73.0,0.0,1.2379357814788818,-5.320577817804673,1.2381517887115479,74,4200.0,1050.0
74.0,0.0,1.2379357814788818,-5.741137504577637,1.237409234046936,75,4200.0,1050.0
75.0,0.0,1.2292652130126953,-6.0828202752506035,1.230872392654419,76,4200.0,1050.0
76.0,0.0,1.2292652130126953,-6.208400165333467,1.2262852191925049,77,4200.0,1050.0
77.0,0.0,1.2292652130126953,-5.759798386517693,1.2508052587509155,78,4200.0,1050.0
78.0,0.0,1.2211498022079468,-5.684290661531336,1.2294151782989502,79,4200.0,1050.0
79.0,0.0,1.216172218322754,-6.696043098674101,1.2169532775878906,80,4200.0,1050.0
80.0,0.0,1.2085533142089844,-7.453506834366742,1.2092528343200684,81,4200.0,1050.0
81.0,0.0,1.2014487981796265,-7.170208145590389,1.2211685180664062,82,4200.0,1050.0
82.0,0.0,1.1986441612243652,-7.633927766014548,1.206215262413025,83,4200.0,1050.0
83.0,0.0,1.192812442779541,-8.06990073708927,1.196649193763733,84,4200.0,1050.0
84.0,0.0,1.192812442779541,-8.336969824398265,1.1932474374771118,85,4200.0,1050.0
85.0,0.0,1.183307409286499,-8.704256282133215,1.18340003490448,86,4200.0,1050.0
86.0,0.0,1.183307409286499,-9.041135114781996,1.1800956726074219,87,4200.0,1050.0
87.0,0.0,1.174070954322815,-9.005257662604837,1.174070954322815,88,4200.0,1050.0
88.0,0.0,1.168190836906433,-9.537267404444078,1.16869056224823,89,4200.0,1050.0
89.0,0.0,1.1638813018798828,-9.180089305428897,1.1767085790634155,90,4200.0,1050.0
90.0,0.0,1.1638813018798828,-9.148659593918744,1.168918251991272,91,4200.0,1050.0
91.0,0.0,1.1588753461837769,-9.668564179364372,1.1601924896240234,92,4200.0,1050.0
92.0,0.0,1.1525299549102783,-10.135251718408922,1.1590039730072021,93,4200.0,1050.0
93.0,0.0,1.1525299549102783,-10.269363178926355,1.1538419723510742,94,4200.0,1050.0
94.0,0.0,1.1452138423919678,-10.442420286290785,1.1470162868499756,95,4200.0,1050.0
95.0,0.0,1.1402593851089478,-9.8281527968014,1.1506216526031494,96,4200.0,1050.0
96.0,0.0,1.1370478868484497,-10.41342062108657,1.1433342695236206,97,4200.0,1050.0
97.0,0.0,1.1370478868484497,-10.831197570351993,1.141979455947876,98,4200.0,1050.0
98.0,0.0,1.131903886795044,-10.728250784032484,1.1407848596572876,99,4200.0,1050.0
99.0,0.0,1.12840735912323,-11.051854526295381,1.1349124908447266,100,4200.0,1050.0
100.0,0.0,1.1250557899475098,-11.266929065479951,1.1291468143463135,101,4200.0,1050.0
101.0,0.0,1.11610746383667,-11.690109533422133,1.11610746383667,102,4200.0,1050.0
102.0,0.0,1.11610746383667,-12.213738441467285,1.116402506828308,103,4200.0,1050.0
103.0,0.0,1.1102063655853271,-12.71238411174101,1.1114007234573364,104,4200.0,1050.0
104.0,0.0,1.1102063655853271,-12.797954503227682,1.1081651449203491,105,4200.0,1050.0
105.0,0.0,1.1044743061065674,-13.02937962027157,1.1048555374145508,106,4200.0,1050.0
106.0,0.0,1.1044743061065674,-12.190292246201459,1.1101757287979126,107,4200.0,1050.0
107.0,0.0,1.1044743061065674,-12.284631504732019,1.1086711883544922,108,4200.0,1050.0
108.0,0.0,1.0984885692596436,-12.826656958636116,1.100639820098877,109,4200.0,1050.0
109.0,0.0,1.0984885692596436,-12.828476344837862,1.1026191711425781,110,4200.0,1050.0
110.0,0.0,1.0930885076522827,-12.887991456424489,1.0957365036010742,111,4200.0,1050.0
111.0,0.0,1.090233564376831,-12.94740244921516,1.0966606140136719,112,4200.0,1050.0
112.0,0.0,1.090233564376831,-13.049887152279124,1.0919643640518188,113,4200.0,1050.0
113.0,0.0,1.090233564376831,-13.482135211720186,1.0901141166687012,114,4200.0,1050.0
114.0,0.0,1.086900234222412,-13.405353826635023,1.0947953462600708,115,4200.0,1050.0
115.0,0.0,1.086900234222412,-13.339635007521686,1.0923750400543213,116,4200.0,1050.0
116.0,0.0,1.0819249153137207,-13.886999915627872,1.0841716527938843,117,4200.0,1050.0
117.0,0.0,1.0778330564498901,-14.201073758742389,1.0821888446807861,118,4200.0,1050.0
118.0,0.0,1.0778330564498901,-14.47713352652157,1.080747365951538,119,4200.0,1050.0
119.0,0.0,1.073268175125122,-14.660323703990263,1.0757182836532593,120,4200.0,1050.0
120.0,0.0,1.073268175125122,-14.645359207602109,1.079197883605957,121,4200.0,1050.0
121.0,0.0,1.067400574684143,-14.92275759753059,1.0674395561218262,122,4200.0,1050.0
122.0,0.0,1.067400574684143,-15.049059306873994,1.0651437044143677,123,4200.0,1050.0
123.0,0.0,1.0652227401733398,-14.632345648372874,1.0754892826080322,124,4200.0,1050.0
124.0,0.0,1.0652227401733398,-14.762130625107709,1.0755422115325928,125,4200.0,1050.0
125.0,0.0,1.0652227401733398,-14.711230951197008,1.0675300359725952,126,4200.0,1050.0
126.0,0.0,1.0652227401733398,-14.605089916902429,1.0687355995178223,127,4200.0,1050.0
127.0,0.0,1.0618473291397095,-15.25883960723877,1.0676089525222778,128,4200.0,1050.0
128.0,0.0,1.0618473291397095,-15.433819770812988,1.0608868598937988,129,4200.0,1050.0
129.0,0.0,1.058361291885376,-15.06605838326847,1.0610957145690918,130,4200.0,1050.0
130.0,0.0,1.0549572706222534,-15.48459799149457,1.056902527809143,131,4200.0,1050.0
131.0,0.0,1.0523560047149658,-16.020380356732538,1.0554898977279663,132,4200.0,1050.0
132.0,0.0,1.0523560047149658,-16.139479973736933,1.055142879486084,133,4200.0,1050.0
133.0,0.0,1.048703670501709,-15.989420946906595,1.0524872541427612,134,4200.0,1050.0
134.0,0.0,1.0467873811721802,-15.905739167157341,1.0530146360397339,135,4200.0,1050.0
135.0,0.0,1.0467873811721802,-15.792526918299059,1.0533920526504517,136,4200.0,1050.0
136.0,0.0,1.0467873811721802,-16.196030392366296,1.0477873086929321,137,4200.0,1050.0
137.0,0.0,1.0467873811721802,-16.19112570145551,1.0492334365844727,138,4200.0,1050.0
138.0,0.0,1.0467873811721802,-16.356474539812872,1.0479553937911987,139,4200.0,1050.0
139.0,0.0,1.0415204763412476,-16.850979748894186,1.0426390171051025,140,4200.0,1050.0
140.0,0.0,1.0415204763412476,-16.847361171946805,1.0410995483398438,141,4200.0,1050.0
141.0,0.0,1.0415204763412476,-17.194149129530963,1.0408471822738647,142,4200.0,1050.0
142.0,0.0,1.037613868713379,-16.903035219977884,1.0410832166671753,143,4200.0,1050.0
143.0,0.0,1.037613868713379,-16.88286012761733,1.0413296222686768,144,4200.0,1050.0
144.0,0.0,1.037613868713379,-16.94279883889591,1.0366687774658203,145,4200.0,1050.0
145.0,0.0,1.037613868713379,-17.108554559595444,1.0367937088012695,146,4200.0,1050.0
146.0,0.0,1.037613868713379,-17.13844097361845,1.038519024848938,147,4200.0,1050.0
147.0,0.0,1.037613868713379,-17.54099251242245,1.035914421081543,148,4200.0,1050.0
0.0,1.0,0.8049448728561401,-13.152943876054552,0.8119949698448181,149,4400.0,1100.0
1.0,1.0,0.8007543087005615,-15.082991282145182,0.8018476366996765,150,4400.0,1100.0
2.0,1.0,0.8007543087005615,-16.02096234427558,0.79953533411026,151,4400.0,1100.0
3.0,1.0,0.8007543087005615,-16.34032366010878,0.8019493818283081,152,4400.0,1100.0
4.0,1.0,0.7977162003517151,-16.487380292680527,0.8005314469337463,153,4400.0,1100.0
5.0,1.0,0.7977162003517151,-16.701570351918537,0.805805504322052,154,4400.0,1100.0
6.0,1.0,0.7977162003517151,-16.849849806891548,0.8040468692779541,155,4400.0,1100.0
7.0,1.0,0.7977162003517151,-17.109885215759277,0.8008868098258972,156,4400.0,1100.0
8.0,1.0,0.7977162003517151,-17.114317576090496,0.8053683042526245,157,4400.0,1100.0
9.0,1.0,0.7977162003517151,-17.259266535441082,0.8069421052932739,158,4400.0,1100.0
0.0,2.0,0.6808079481124878,-15.555506494310167,0.6864274740219116,159,4600.0,1150.0
1.0,2.0,0.6808079481124878,-16.733686129252117,0.6826459765434265,160,4600.0,1150.0
2.0,2.0,0.6808079481124878,-17.019678857591416,0.6876183152198792,161,4600.0,1150.0
3.0,2.0,0.6808079481124878,-17.33727635277642,0.6921266913414001,162,4600.0,1150.0
4.0,2.0,0.6808079481124878,-17.539697647094727,0.6939236521720886,163,4600.0,1150.0
0.0,3.0,0.6796185374259949,-16.122424175864772,0.6796185374259949,164,4800.0,1200.0
1.0,3.0,0.6717227697372437,-16.846422396208112,0.6728380918502808,165,4800.0,1200.0
2.0,3.0,0.6690671443939209,-16.972664883262233,0.6707583069801331,166,4800.0,1200.0
3.0,3.0,0.6690671443939209,-17.15642627916838,0.674005925655365,167,4800.0,1200.0
4.0,3.0,0.6690671443939209,-17.310198532907588,0.674595296382904,168,4800.0,1200.0
5.0,3.0,0.6690671443939209,-17.46853296380294,0.675331175327301,169,4800.0,1200.0
6.0,3.0,0.6690671443939209,-17.634600287989567,0.6785323619842529,170,4800.0,1200.0
7.0,3.0,0.6677412390708923,-17.494272131668893,0.6791233420372009,171,4800.0,1200.0
8.0,3.0,0.6677412390708923,-17.79104815031353,0.6818142533302307,172,4800.0,1200.0
9.0,3.0,0.6677412390708923,-17.688502663060238,0.6829255819320679,173,4800.0,1200.0
10.0,3.0,0.6677412390708923,-17.718225077578897,0.683452308177948,174,4800.0,1200.0
11.0,3.0,0.6677412390708923,-18.046019905491878,0.6824108362197876,175,4800.0,1200.0
12.0,3.0,0.6677412390708923,-18.163370433606598,0.6809502243995667,176,4800.0,1200.0
0.0,4.0,0.7121628522872925,-15.655179834365844,0.7133837342262268,177,5000.0,1250.0
1.0,4.0,0.7065330743789673,-16.88754243850708,0.707199215888977,178,5000.0,1250.0
2.0,4.0,0.7065330743789673,-17.262854480743407,0.7107344269752502,179,5000.0,1250.0
3.0,4.0,0.7065330743789673,-17.570005702972413,0.7121773958206177,180,5000.0,1250.0
4.0,4.0,0.7049704790115356,-17.775875854492188,0.7150582671165466,181,5000.0,1250.0
5.0,4.0,0.7049704790115356,-17.811054992675782,0.7169702053070068,182,5000.0,1250.0
6.0,4.0,0.7049704790115356,-17.775297737121583,0.7190174460411072,183,5000.0,1250.0
7.0,4.0,0.7049704790115356,-18.066877365112305,0.7207465767860413,184,5000.0,1250.0
8.0,4.0,0.7049704790115356,-18.296463298797608,0.7241870760917664,185,5000.0,1250.0
9.0,4.0,0.7049704790115356,-18.509697723388673,0.7230562567710876,186,5000.0,1250.0
0.0,5.0,0.6482550501823425,-16.186391921270463,0.6528224349021912,187,5200.0,1300.0
1.0,5.0,0.6467400789260864,-17.05622455051967,0.6503542065620422,188,5200.0,1300.0
2.0,5.0,0.6467400789260864,-17.558900742303756,0.6515041589736938,189,5200.0,1300.0
3.0,5.0,0.6467400789260864,-17.653411683582124,0.6546480059623718,190,5200.0,1300.0
4.0,5.0,0.6467400789260864,-17.709421975272043,0.6558846831321716,191,5200.0,1300.0
5.0,5.0,0.6467400789260864,-18.076019287109375,0.6538712978363037,192,5200.0,1300.0
6.0,5.0,0.6467400789260864,-18.212493624005997,0.6585171818733215,193,5200.0,1300.0
0.0,6.0,0.6858751773834229,-16.263696583834562,0.6882458925247192,194,5400.0,1350.0
1.0,6.0,0.6858751773834229,-16.997956362637606,0.6890304088592529,195,5400.0,1350.0
2.0,6.0,0.6858751773834229,-17.279913728887383,0.6915372014045715,196,5400.0,1350.0
3.0,6.0,0.6858751773834229,-17.4746168309992,0.6994661688804626,197,5400.0,1350.0
4.0,6.0,0.6858751773834229,-17.612557237798516,0.700844943523407,198,5400.0,1350.0
5.0,6.0,0.6858751773834229,-17.731622435829856,0.6990181803703308,199,5400.0,1350.0
0.0,7.0,0.6595165133476257,-16.038003011183307,0.6595165133476257,200,5600.0,1400.0
1.0,7.0,0.6544947028160095,-17.279302423650567,0.6546420454978943,201,5600.0,1400.0
2.0,7.0,0.6544947028160095,-17.603066617792305,0.6598032712936401,202,5600.0,1400.0
3.0,7.0,0.6544947028160095,-17.62486778606068,0.6582415103912354,203,5600.0,1400.0
4.0,7.0,0.6544947028160095,-17.90390326760032,0.6601074934005737,204,5600.0,1400.0
5.0,7.0,0.6544947028160095,-18.037631901827726,0.6594708561897278,205,5600.0,1400.0
6.0,7.0,0.6544947028160095,-17.93294334411621,0.6632459163665771,206,5600.0,1400.0
0.0,8.0,0.7033693194389343,-16.332208965135656,0.7033693194389343,207,5800.0,1450.0
1.0,8.0,0.7011831998825073,-17.098869738371477,0.7031359076499939,208,5800.0,1450.0
2.0,8.0,0.7011831998825073,-17.409231185913086,0.7048332095146179,209,5800.0,1450.0
3.0,8.0,0.7011831998825073,-17.658329175866168,0.7070578932762146,210,5800.0,1450.0
4.0,8.0,0.7011831998825073,-17.797774356344473,0.7066563367843628,211,5800.0,1450.0
5.0,8.0,0.7011831998825073,-17.837659669959027,0.711831271648407,212,5800.0,1450.0
6.0,8.0,0.7011831998825073,-17.86198226265285,0.7132740616798401,213,5800.0,1450.0
0.0,9.0,0.7131845951080322,-16.237316409746807,0.7131845951080322,214,6000.0,1500.0
1.0,9.0,0.7131845951080322,-16.977914253870647,0.7137323617935181,215,6000.0,1500.0
2.0,9.0,0.7113773226737976,-17.225017070770264,0.7118405699729919,216,6000.0,1500.0
3.0,9.0,0.7077724933624268,-17.58953603108724,0.7114018797874451,217,6000.0,1500.0
4.0,9.0,0.7077724933624268,-17.650547583897907,0.7127359509468079,218,6000.0,1500.0
5.0,9.0,0.7077724933624268,-17.685097297032673,0.7125009894371033,219,6000.0,1500.0
6.0,9.0,0.7077724933624268,-17.784698009490967,0.7185760736465454,220,6000.0,1500.0
7.0,9.0,0.7062531113624573,-17.88265347480774,0.7153998017311096,221,6000.0,1500.0
8.0,9.0,0.7062531113624573,-18.057224988937378,0.7131887078285217,222,6000.0,1500.0
9.0,9.0,0.7041857242584229,-17.819695631663006,0.7147478461265564,223,6000.0,1500.0
10.0,9.0,0.7041857242584229,-17.97256875038147,0.7187983989715576,224,6000.0,1500.0
11.0,9.0,0.7041857242584229,-18.192901531855266,0.7143248319625854,225,6000.0,1500.0
12.0,9.0,0.7041857242584229,-18.43642218907674,0.7091920375823975,226,6000.0,1500.0
13.0,9.0,0.7041857242584229,-18.666817506154377,0.7098469138145447,227,6000.0,1500.0
14.0,9.0,0.7041857242584229,-19.09060748418172,0.7116647362709045,228,6000.0,1500.0
0.0,10.0,0.7044869661331177,-16.239819259643554,0.7082270979881287,229,6200.0,1550.0
1.0,10.0,0.7044869661331177,-17.719413452148437,0.7061647772789001,230,6200.0,1550.0
2.0,10.0,0.7044869661331177,-18.105369644165037,0.7150143384933472,231,6200.0,1550.0
3.0,10.0,0.7044869661331177,-18.07213768005371,0.7161335349082947,232,6200.0,1550.0
4.0,10.0,0.7044869661331177,-18.15222427368164,0.7155595421791077,233,6200.0,1550.0
5.0,10.0,0.7044869661331177,-18.460371627807618,0.7156320810317993,234,6200.0,1550.0
0.0,11.0,0.6764867305755615,-16.61712028503418,0.6797884702682495,235,6400.0,1600.0
1.0,11.0,0.6764867305755615,-17.76973922729492,0.684354841709137,236,6400.0,1600.0
2.0,11.0,0.6764867305755615,-18.074295806884766,0.6820756793022156,237,6400.0,1600.0
3.0,11.0,0.6764867305755615,-18.29155548095703,0.6835129857063293,238,6400.0,1600.0
4.0,11.0,0.6764867305755615,-18.375699005126954,0.6879518032073975,239,6400.0,1600.0
5.0,11.0,0.6764867305755615,-18.40709342956543,0.6919578313827515,240,6400.0,1600.0
0.0,12.0,0.6700737476348877,-17.080616217393143,0.6677502393722534,241,6600.0,1650.0
1.0,12.0,0.6674039363861084,-17.87425400660588,0.6723617315292358,242,6600.0,1650.0
2.0,12.0,0.6674039363861084,-18.00060484959529,0.6722465753555298,243,6600.0,1650.0
3.0,12.0,0.6674039363861084,-18.190086511465218,0.6711553931236267,244,6600.0,1650.0
4.0,12.0,0.6674039363861084,-18.30893171750582,0.6769401431083679,245,6600.0,1650.0
5.0,12.0,0.6674039363861084,-18.451827562772312,0.6783835291862488,246,6600.0,1650.0
6.0,12.0,0.6674039363861084,-18.473072198721077,0.680713951587677,247,6600.0,1650.0
0.0,13.0,0.7076018452644348,-17.054389317830402,0.7156115174293518,248,6800.0,1700.0
1.0,13.0,0.7076018452644348,-18.040307998657227,0.7191128134727478,249,6800.0,1700.0
2.0,13.0,0.7076018452644348,-18.323576397365994,0.7244470119476318,250,6800.0,1700.0
3.0,13.0,0.7076018452644348,-18.41961443865741,0.7251222729682922,251,6800.0,1700.0
4.0,13.0,0.7076018452644348,-18.52164155465585,0.7300550937652588,252,6800.0,1700.0
0.0,14.0,0.6848511099815369,-17.97109249659947,0.690794050693512,253,7000.0,1750.0
1.0,14.0,0.6833316683769226,-18.27661316735404,0.6931237578392029,254,7000.0,1750.0
2.0,14.0,0.6833316683769226,-18.52355487006051,0.7034057378768921,255,7000.0,1750.0
3.0,14.0,0.6833316683769226,-18.632363319396973,0.7029869556427002,256,7000.0,1750.0
4.0,14.0,0.6833316683769226,-18.90551083428519,0.701306939125061,257,7000.0,1750.0
5.0,14.0,0.6833316683769226,-18.966547080448695,0.7075684666633606,258,7000.0,1750.0
6.0,14.0,0.6833316683769226,-18.9574385370527,0.7048436999320984,259,7000.0,1750.0
0.0,15.0,0.638555645942688,-17.438035011291504,0.6447888612747192,260,7200.0,1800.0
1.0,15.0,0.638555645942688,-18.2305666824867,0.6506738066673279,261,7200.0,1800.0
2.0,15.0,0.638555645942688,-18.546163295877392,0.6547085046768188,262,7200.0,1800.0
3.0,15.0,0.638555645942688,-18.930950493648133,0.6567020416259766,263,7200.0,1800.0
4.0,15.0,0.638555645942688,-19.139817731133824,0.6602569818496704,264,7200.0,1800.0
5.0,15.0,0.638555645942688,-19.069001230700263,0.6606426239013672,265,7200.0,1800.0
0.0,16.0,0.5678214430809021,-17.47468922056001,0.5708259344100952,266,7400.0,1850.0
1.0,16.0,0.5678214430809021,-18.887490831572435,0.5730687379837036,267,7400.0,1850.0
2.0,16.0,0.5678214430809021,-19.089900181211274,0.5807041525840759,268,7400.0,1850.0
3.0,16.0,0.5678214430809021,-19.278470729959423,0.5777813792228699,269,7400.0,1850.0
4.0,16.0,0.5678214430809021,-19.357853725038726,0.5843308568000793,270,7400.0,1850.0
5.0,16.0,0.5678214430809021,-19.232300001999427,0.5839669704437256,271,7400.0,1850.0
0.0,17.0,0.6065698862075806,-18.663340950012206,0.6065698862075806,272,7600.0,1900.0
1.0,17.0,0.6054315567016602,-19.078181012471518,0.6117407083511353,273,7600.0,1900.0
2.0,17.0,0.6054315567016602,-19.167477989196776,0.6181247234344482,274,7600.0,1900.0
3.0,17.0,0.6054315567016602,-19.533018366495767,0.6180018186569214,275,7600.0,1900.0
4.0,17.0,0.6054315567016602,-19.83756593068441,0.6204742789268494,276,7600.0,1900.0
5.0,17.0,0.6054315567016602,-20.01698048909505,0.6224716305732727,277,7600.0,1900.0
6.0,17.0,0.6054315567016602,-20.032341893513998,0.6225401163101196,278,7600.0,1900.0
0.0,18.0,0.6054580211639404,-18.48515599773776,0.6130883693695068,279,7800.0,1950.0
1.0,18.0,0.6054580211639404,-19.415624495475523,0.616260290145874,280,7800.0,1950.0
2.0,18.0,0.6054580211639404,-19.65875385653588,0.6263948678970337,281,7800.0,1950.0
3.0,18.0,0.6054580211639404,-19.86868396882088,0.625501811504364,282,7800.0,1950.0
4.0,18.0,0.6054580211639404,-19.99904546430034,0.6315110325813293,283,7800.0,1950.0
0.0,19.0,0.5647162795066833,-19.632512092590332,0.5744035243988037,284,8000.0,2000.0
1.0,19.0,0.5647162795066833,-20.111433446407318,0.5743681192398071,285,8000.0,2000.0
2.0,19.0,0.5647162795066833,-20.285483956336975,0.5794937014579773,286,8000.0,2000.0
3.0,19.0,0.5647162795066833,-20.45011216402054,0.5829094052314758,287,8000.0,2000.0
4.0,19.0,0.5647162795066833,-20.67232918739319,0.5867175459861755,288,8000.0,2000.0
0.0,20.0,0.537792980670929,-19.908810702237215,0.565066397190094,289,8200.0,2050.0
1.0,20.0,0.537792980670929,-19.190304669466887,0.5689512491226196,290,8200.0,2050.0
2.0,20.0,0.537792980670929,-19.670244390314277,0.5628890991210938,291,8200.0,2050.0
3.0,20.0,0.537792980670929,-19.711634029041637,0.5656158328056335,292,8200.0,2050.0
4.0,20.0,0.537792980670929,-20.019237865101207,0.5765041708946228,293,8200.0,2050.0
0.0,21.0,0.5766535997390747,-19.61168271845037,0.5766535997390747,294,8400.0,2100.0
1.0,21.0,0.5738739967346191,-21.065830346309777,0.5747401714324951,295,8400.0,2100.0
2.0,21.0,0.5738739967346191,-21.27480934605454,0.5802912712097168,296,8400.0,2100.0
3.0,21.0,0.5738739967346191,-21.495371905240145,0.581579327583313,297,8400.0,2100.0
4.0,21.0,0.5738739967346191,-21.605700637354996,0.5819684267044067,298,8400.0,2100.0
5.0,21.0,0.5738739967346191,-21.64398569049257,0.5834076404571533,299,8400.0,2100.0
6.0,21.0,0.5738739967346191,-21.697692639899977,0.5864334106445312,300,8400.0,2100.0
0.0,22.0,0.5529026985168457,-20.216578034793628,0.5597789883613586,301,8600.0,2150.0
1.0,22.0,0.5529026985168457,-21.282965603996725,0.5643576383590698,302,8600.0,2150.0
2.0,22.0,0.5529026985168457,-21.446752043331372,0.567175567150116,303,8600.0,2150.0
3.0,22.0,0.5529026985168457,-21.56076930550968,0.5696858167648315,304,8600.0,2150.0
4.0,22.0,0.5529026985168457,-21.834409040563248,0.5698304772377014,305,8600.0,2150.0
0.0,23.0,0.5283195972442627,-21.048950794764927,0.5379743576049805,306,8800.0,2200.0
1.0,23.0,0.5283195972442627,-21.55019062587193,0.5384580492973328,307,8800.0,2200.0
2.0,23.0,0.5283195972442627,-21.82978210449219,0.5451049208641052,308,8800.0,2200.0
3.0,23.0,0.5283195972442627,-21.900100708007812,0.5448415279388428,309,8800.0,2200.0
4.0,23.0,0.5283195972442627,-22.09972675868443,0.545443058013916,310,8800.0,2200.0
0.0,24.0,0.5372297167778015,-21.394169807434082,0.5511541366577148,311,9000.0,2250.0
1.0,24.0,0.5372297167778015,-21.89240180121528,0.5535921454429626,312,9000.0,2250.0
2.0,24.0,0.5372297167778015,-22.06790320078532,0.552776575088501,313,9000.0,2250.0
3.0,24.0,0.5372297167778015,-22.084070894453262,0.5554611086845398,314,9000.0,2250.0
4.0,24.0,0.5372297167778015,-22.245755407545303,0.5536786317825317,315,9000.0,2250.0
0.0,25.0,0.4896489977836609,-21.71048174964057,0.4953571856021881,316,9200.0,2300.0
1.0,25.0,0.4896489977836609,-22.29795847998725,0.5040740370750427,317,9200.0,2300.0
2.0,25.0,0.4896489977836609,-22.483453697628445,0.5059455037117004,318,9200.0,2300.0
3.0,25.0,0.4896489977836609,-22.673799143897163,0.5077120065689087,319,9200.0,2300.0
4.0,25.0,0.4896489977836609,-22.813839170667862,0.5059269070625305,320,9200.0,2300.0
5.0,25.0,0.4896489977836609,-22.859443187713623,0.5080484747886658,321,9200.0,2300.0
0.0,26.0,0.5192444324493408,-21.647167154260583,0.5245369076728821,322,9400.0,2350.0
1.0,26.0,0.5192444324493408,-22.45367699700433,0.5290603041648865,323,9400.0,2350.0
2.0,26.0,0.5192444324493408,-22.49474592466612,0.5336195230484009,324,9400.0,2350.0
3.0,26.0,0.5192444324493408,-22.74285888671875,0.5325013399124146,325,9400.0,2350.0
4.0,26.0,0.5192444324493408,-22.90820059905181,0.5361408591270447,326,9400.0,2350.0
0.0,27.0,0.5397757887840271,-22.207272780568974,0.541973888874054,327,9600.0,2400.0
1.0,27.0,0.5397757887840271,-22.752938069795306,0.5441052913665771,328,9600.0,2400.0
2.0,27.0,0.5397757887840271,-22.957879718981292,0.5500711798667908,329,9600.0,2400.0
3.0,27.0,0.5397757887840271,-23.04152970564993,0.5529022216796875,330,9600.0,2400.0
4.0,27.0,0.5397757887840271,-23.307375857704564,0.5517088174819946,331,9600.0,2400.0
0.0,28.0,0.5032309293746948,-22.557343116173378,0.5096129775047302,332,9800.0,2450.0
1.0,28.0,0.5032309293746948,-22.986126239483173,0.5107083916664124,333,9800.0,2450.0
2.0,28.0,0.5032309293746948,-23.158815775162136,0.5150183439254761,334,9800.0,2450.0
3.0,28.0,0.5032309293746948,-23.213082631429035,0.5178057551383972,335,9800.0,2450.0
4.0,28.0,0.5032309293746948,-23.412009654900967,0.5179089307785034,336,9800.0,2450.0
0.0,29.0,0.5065816640853882,-22.659950828552248,0.5182735919952393,337,10000.0,2500.0
1.0,29.0,0.5065816640853882,-22.845741558074952,0.5299383401870728,338,10000.0,2500.0
2.0,29.0,0.5065816640853882,-23.0627534866333,0.5272594690322876,339,10000.0,2500.0
3.0,29.0,0.5065816640853882,-23.21071300506592,0.53455650806427,340,10000.0,2500.0
4.0,29.0,0.5065816640853882,-23.03769907951355,0.5305598378181458,341,10000.0,2500.0
0.0,30.0,0.5457041263580322,-22.65361738204956,0.5466769337654114,342,10200.0,2550.0
1.0,30.0,0.5457041263580322,-23.771324777603148,0.5515299439430237,343,10200.0,2550.0
2.0,30.0,0.5457041263580322,-23.88290376663208,0.5535794496536255,344,10200.0,2550.0
3.0,30.0,0.5457041263580322,-24.048930501937868,0.5546638369560242,345,10200.0,2550.0
4.0,30.0,0.5457041263580322,-24.18222370147705,0.557548999786377,346,10200.0,2550.0
5.0,30.0,0.5457041263580322,-24.175387954711915,0.56156325340271,347,10200.0,2550.0
0.0,31.0,0.5059193968772888,-22.97034291523259,0.5089575052261353,348,10400.0,2600.0
1.0,31.0,0.5059193968772888,-23.755854769450863,0.5117242336273193,349,10400.0,2600.0
2.0,31.0,0.5059193968772888,-23.895335965040253,0.5141633749008179,350,10400.0,2600.0
3.0,31.0,0.5059193968772888,-23.91310943045267,0.5177322626113892,351,10400.0,2600.0
4.0,31.0,0.5059193968772888,-23.962120009631647,0.5210278630256653,352,10400.0,2600.0
0.0,32.0,0.5060389637947083,-23.4700349626087,0.5145866870880127,353,10600.0,2650.0
1.0,32.0,0.5060389637947083,-23.83592482975551,0.5141445398330688,354,10600.0,2650.0
2.0,32.0,0.5060389637947083,-24.08776333218529,0.5174201130867004,355,10600.0,2650.0
3.0,32.0,0.5060389637947083,-24.1761535462879,0.5181571245193481,356,10600.0,2650.0
4.0,32.0,0.5060389637947083,-24.23385038829985,0.5207852721214294,357,10600.0,2650.0
0.0,33.0,0.5153697729110718,-23.575628502424372,0.5228978991508484,358,10800.0,2700.0
1.0,33.0,0.5153697729110718,-23.96230196398358,0.5258584022521973,359,10800.0,2700.0
2.0,33.0,0.5153697729110718,-24.179684661155523,0.5320557951927185,360,10800.0,2700.0
3.0,33.0,0.5153697729110718,-24.26182192425395,0.5329297184944153,361,10800.0,2700.0
4.0,33.0,0.5153697729110718,-24.511068876399552,0.5333031415939331,362,10800.0,2700.0
0.0,34.0,0.5030085444450378,-23.750705452852472,0.5047023296356201,363,11000.0,2750.0
1.0,34.0,0.5030085444450378,-24.43052030164142,0.5065962672233582,364,11000.0,2750.0
2.0,34.0,0.5030085444450378,-24.60573564573776,0.5093318223953247,365,11000.0,2750.0
3.0,34.0,0.5030085444450378,-24.72132673928904,0.5108367800712585,366,11000.0,2750.0
4.0,34.0,0.5030085444450378,-24.739269522733466,0.5106901526451111,367,11000.0,2750.0
5.0,34.0,0.5030085444450378,-24.93292387141738,0.5134405493736267,368,11000.0,2750.0
0.0,35.0,0.4939498007297516,-23.744964382865213,0.4976104497909546,369,11200.0,2800.0
1.0,35.0,0.4939498007297516,-24.463741432536732,0.500012993812561,370,11200.0,2800.0
2.0,35.0,0.4939498007297516,-24.68573214791038,0.5025181770324707,371,11200.0,2800.0
3.0,35.0,0.4939498007297516,-24.6527963551608,0.5019269585609436,372,11200.0,2800.0
4.0,35.0,0.4939498007297516,-24.740899779579856,0.5049970149993896,373,11200.0,2800.0
0.0,36.0,0.5318429470062256,-24.208709716796875,0.5379985570907593,374,11400.0,2850.0
1.0,36.0,0.5318429470062256,-24.654226133558485,0.5444378852844238,375,11400.0,2850.0
2.0,36.0,0.5318429470062256,-24.874126476711698,0.5452751517295837,376,11400.0,2850.0
3.0,36.0,0.5318429470062256,-24.9533627404107,0.5432215929031372,377,11400.0,2850.0
4.0,36.0,0.5318429470062256,-25.05620765686035,0.5460448265075684,378,11400.0,2850.0
0.0,37.0,0.5027810335159302,-24.42638347459876,0.5062131881713867,379,11600.0,2900.0
1.0,37.0,0.5027810335159302,-24.972442709881328,0.5090894103050232,380,11600.0,2900.0
2.0,37.0,0.5027810335159302,-25.022820597109586,0.5107563734054565,381,11600.0,2900.0
3.0,37.0,0.5027810335159302,-25.150943341462508,0.5120648741722107,382,11600.0,2900.0
4.0,37.0,0.5027810335159302,-25.31645331175431,0.5160095691680908,383,11600.0,2900.0
0.0,38.0,0.529417097568512,-24.502597078363944,0.5370882749557495,384,11800.0,2950.0
1.0,38.0,0.529417097568512,-24.857987586488115,0.5393144488334656,385,11800.0,2950.0
2.0,38.0,0.529417097568512,-25.02161504867229,0.5436304211616516,386,11800.0,2950.0
3.0,38.0,0.529417097568512,-25.08709233872434,0.5398721694946289,387,11800.0,2950.0
4.0,38.0,0.529417097568512,-25.108192322102,0.5461100935935974,388,11800.0,2950.0
0.0,39.0,0.5026277899742126,-24.561485736928088,0.5029477477073669,389,12000.0,3000.0
1.0,39.0,0.5026277899742126,-25.449065188144115,0.5037686228752136,390,12000.0,3000.0
2.0,39.0,0.5026277899742126,-25.566900780860415,0.5075245499610901,391,12000.0,3000.0
3.0,39.0,0.5026277899742126,-25.585983763349816,0.5080450177192688,392,12000.0,3000.0
4.0,39.0,0.5026277899742126,-25.814723035122487,0.5104019045829773,393,12000.0,3000.0
5.0,39.0,0.5026277899742126,-25.830392472287443,0.5081289410591125,394,12000.0,3000.0
0.0,40.0,0.48131120204925537,-24.8828706741333,0.48668742179870605,395,12200.0,3050.0
1.0,40.0,0.48131120204925537,-25.520187576611836,0.4898107647895813,396,12200.0,3050.0
2.0,40.0,0.48131120204925537,-25.600741306940716,0.49266088008880615,397,12200.0,3050.0
3.0,40.0,0.48131120204925537,-25.698548356691997,0.49512702226638794,398,12200.0,3050.0
4.0,40.0,0.48131120204925537,-25.770732243855793,0.4934156835079193,399,12200.0,3050.0
0.0,41.0,0.5266776084899902,-25.336734187846282,0.5322735905647278,400,12400.0,3100.0
1.0,41.0,0.5266776084899902,-25.815670363757075,0.5347954630851746,401,12400.0,3100.0
2.0,41.0,0.5266776084899902,-25.997169377852458,0.5373541712760925,402,12400.0,3100.0
3.0,41.0,0.5266776084899902,-25.936423126532105,0.5402415990829468,403,12400.0,3100.0
4.0,41.0,0.5266776084899902,-26.171355928693497,0.5362384915351868,404,12400.0,3100.0
0.0,42.0,0.4780799448490143,-25.409462280273438,0.48186472058296204,405,12600.0,3150.0
1.0,42.0,0.4780799448490143,-25.752221565246582,0.48255854845046997,406,12600.0,3150.0
2.0,42.0,0.4780799448490143,-25.92419075012207,0.4853084683418274,407,12600.0,3150.0
3.0,42.0,0.4780799448490143,-26.08889102935791,0.48435014486312866,408,12600.0,3150.0
4.0,42.0,0.4780799448490143,-26.200027923583985,0.4862794280052185,409,12600.0,3150.0
0.0,43.0,0.4711502194404602,-25.683412284851073,0.47340741753578186,410,12800.0,3200.0
1.0,43.0,0.4711502194404602,-26.19549392700195,0.47576606273651123,411,12800.0,3200.0
2.0,43.0,0.4711502194404602,-26.378933601379394,0.4769922196865082,412,12800.0,3200.0
3.0,43.0,0.4711502194404602,-26.448084678649902,0.47851842641830444,413,12800.0,3200.0
4.0,43.0,0.4711502194404602,-26.517642364501953,0.4799524247646332,414,12800.0,3200.0
0.0,44.0,0.4878726899623871,-25.89297930399577,0.48962903022766113,415,13000.0,3250.0
1.0,44.0,0.4878726899623871,-26.372921737970092,0.4913424849510193,416,13000.0,3250.0
2.0,44.0,0.4878726899623871,-26.524833342608282,0.49296897649765015,417,13000.0,3250.0
3.0,44.0,0.4878726899623871,-26.672752903956994,0.49366721510887146,418,13000.0,3250.0
4.0,44.0,0.4878726899623871,-26.727285198136872,0.49390071630477905,419,13000.0,3250.0
0.0,45.0,0.45643046498298645,-26.016586560469406,0.4606567323207855,420,13200.0,3300.0
1.0,45.0,0.45643046498298645,-26.603775868049034,0.46204811334609985,421,13200.0,3300.0
2.0,45.0,0.45643046498298645,-26.69884259884174,0.46203914284706116,422,13200.0,3300.0
3.0,45.0,0.45643046498298645,-26.89031303845919,0.4646676778793335,423,13200.0,3300.0
4.0,45.0,0.45643046498298645,-26.930836017315205,0.46499621868133545,424,13200.0,3300.0
0.0,46.0,0.4618876576423645,-26.192025274600624,0.46259939670562744,425,13400.0,3350.0
1.0,46.0,0.4618876576423645,-26.753407712252635,0.4637528359889984,426,13400.0,3350.0
2.0,46.0,0.4618876576423645,-26.90297328301196,0.46638062596321106,427,13400.0,3350.0
3.0,46.0,0.4618876576423645,-26.933001788157338,0.4670884907245636,428,13400.0,3350.0
4.0,46.0,0.4618876576423645,-27.0630774228078,0.46642470359802246,429,13400.0,3350.0
0.0,47.0,0.43708932399749756,-26.309317730091237,0.4428066611289978,430,13600.0,3400.0
1.0,47.0,0.43708932399749756,-26.77415660575584,0.44624853134155273,431,13600.0,3400.0
2.0,47.0,0.43708932399749756,-26.915460833796747,0.4442497789859772,432,13600.0,3400.0
3.0,47.0,0.43708932399749756,-26.97311924121998,0.4473403990268707,433,13600.0,3400.0
4.0,47.0,0.43708932399749756,-26.99499653003834,0.4446796774864197,434,13600.0,3400.0
0.0,48.0,0.46652278304100037,-26.55635378095839,0.467032253742218,435,13800.0,3450.0
1.0,48.0,0.46652278304100037,-27.37709946102566,0.4682624936103821,436,13800.0,3450.0
2.0,48.0,0.46652278304100037,-27.385130281801576,0.47337937355041504,437,13800.0,3450.0
3.0,48.0,0.46652278304100037,-27.563884805749964,0.47125986218452454,438,13800.0,3450.0
4.0,48.0,0.46652278304100037,-27.596207053573043,0.47213658690452576,439,13800.0,3450.0
5.0,48.0,0.46652278304100037,-27.683386873315882,0.47242921590805054,440,13800.0,3450.0
0.0,49.0,0.4785305857658386,-26.558196813409978,0.4818778336048126,441,14000.0,3500.0
1.0,49.0,0.4785305857658386,-27.320065411654387,0.48389115929603577,442,14000.0,3500.0
2.0,49.0,0.4785305857658386,-27.45518694790927,0.4837562143802643,443,14000.0,3500.0
3.0,49.0,0.4785305857658386,-27.53331711509011,0.48395711183547974,444,14000.0,3500.0
4.0,49.0,0.4785305857658386,-27.537808227539063,0.48348936438560486,445,14000.0,3500.0
0.0,50.0,0.45696747303009033,-27.11253319467817,0.45896202325820923,446,14200.0,3550.0
1.0,50.0,0.45696747303009033,-27.51101589202881,0.46068862080574036,447,14200.0,3550.0
2.0,50.0,0.45696747303009033,-27.575521298817225,0.4603632390499115,448,14200.0,3550.0
3.0,50.0,0.45696747303009033,-27.65494523729597,0.46273764967918396,449,14200.0,3550.0
4.0,50.0,0.45696747303009033,-27.80810785293579,0.4630834460258484,450,14200.0,3550.0
0.0,51.0,0.4382353127002716,-27.03413822776393,0.44274190068244934,451,14400.0,3600.0
1.0,51.0,0.4382353127002716,-27.658837569387334,0.44514185190200806,452,14400.0,3600.0
2.0,51.0,0.4382353127002716,-27.64659443236234,0.44381165504455566,453,14400.0,3600.0
3.0,51.0,0.4382353127002716,-27.81326116595352,0.4434705078601837,454,14400.0,3600.0
4.0,51.0,0.4382353127002716,-27.93128492121111,0.4422045052051544,455,14400.0,3600.0
5.0,51.0,0.4382353127002716,-28.058449226513243,0.442129909992218,456,14400.0,3600.0
0.0,52.0,0.4474121928215027,-27.102504894651215,0.4674908220767975,457,14600.0,3650.0
1.0,52.0,0.4474121928215027,-26.799872760114997,0.4618624150753021,458,14600.0,3650.0
2.0,52.0,0.4474121928215027,-26.69155610840896,0.47006934881210327,459,14600.0,3650.0
3.0,52.0,0.4474121928215027,-26.192305893733582,0.4657300114631653,460,14600.0,3650.0
4.0,52.0,0.4474121928215027,-27.16408061981201,0.46967270970344543,461,14600.0,3650.0
0.0,53.0,0.4471455216407776,-26.311671848954827,0.4471455216407776,462,14800.0,3700.0
1.0,53.0,0.4471455216407776,-27.861085595755743,0.44964128732681274,463,14800.0,3700.0
2.0,53.0,0.4471455216407776,-28.0545412918617,0.4476011097431183,464,14800.0,3700.0
3.0,53.0,0.4471455216407776,-28.032779693603516,0.44897523522377014,465,14800.0,3700.0
4.0,53.0,0.4471455216407776,-28.280500083134093,0.44996652007102966,466,14800.0,3700.0
5.0,53.0,0.4471455216407776,-28.252735960072485,0.4481271505355835,467,14800.0,3700.0
0.0,54.0,0.4347468316555023,-27.621253191414525,0.4367063641548157,468,15000.0,3750.0
1.0,54.0,0.4347468316555023,-28.032670101876985,0.43887242674827576,469,15000.0,3750.0
2.0,54.0,0.4347468316555023,-28.088140423015012,0.4408935308456421,470,15000.0,3750.0
3.0,54.0,0.4347468316555023,-28.265766951997403,0.4386996030807495,471,15000.0,3750.0
4.0,54.0,0.4341008961200714,-28.215939602609406,0.439081609249115,472,15000.0,3750.0
5.0,54.0,0.4341008961200714,-28.391843343185165,0.44010576605796814,473,15000.0,3750.0
6.0,54.0,0.4341008961200714,-28.38024682513738,0.43935588002204895,474,15000.0,3750.0
7.0,54.0,0.4341008961200714,-28.617399538977672,0.43740901350975037,475,15000.0,3750.0
8.0,54.0,0.4341008961200714,-28.518180459232653,0.4392012357711792,476,15000.0,3750.0
9.0,54.0,0.4341008961200714,-28.708192760661497,0.43753376603126526,477,15000.0,3750.0
0.0,55.0,0.437202125787735,-27.541023445129394,0.4404473602771759,478,15200.0,3800.0
1.0,55.0,0.43652617931365967,-28.156082312266033,0.4410308003425598,479,15200.0,3800.0
2.0,55.0,0.43652617931365967,-28.294632053375246,0.4412119686603546,480,15200.0,3800.0
3.0,55.0,0.43652617931365967,-28.366225051879884,0.4417620599269867,481,15200.0,3800.0
4.0,55.0,0.43652617931365967,-28.473810863494872,0.4420515298843384,482,15200.0,3800.0
5.0,55.0,0.43652617931365967,-28.587474854787192,0.43895941972732544,483,15200.0,3800.0
6.0,55.0,0.43652617931365967,-28.669874890645346,0.4410302937030792,484,15200.0,3800.0
0.0,56.0,0.45440447330474854,-27.433697122042297,0.45793861150741577,485,15400.0,3850.0
1.0,56.0,0.45440447330474854,-28.346041507408266,0.46181952953338623,486,15400.0,3850.0
2.0,56.0,0.45440447330474854,-28.163595574801086,0.4601825475692749,487,15400.0,3850.0
3.0,56.0,0.45440447330474854,-28.443781305531985,0.4608892798423767,488,15400.0,3850.0
4.0,56.0,0.45440447330474854,-28.561816324953174,0.46002519130706787,489,15400.0,3850.0
0.0,57.0,0.41544023156166077,-27.870688360245502,0.41606658697128296,490,15600.0,3900.0
1.0,57.0,0.41290223598480225,-28.439131783657388,0.4155001938343048,491,15600.0,3900.0
2.0,57.0,0.41290223598480225,-28.551469709052416,0.41581013798713684,492,15600.0,3900.0
3.0,57.0,0.41290223598480225,-28.716736996760133,0.4176395535469055,493,15600.0,3900.0
4.0,57.0,0.41290223598480225,-28.74032067470863,0.4160386621952057,494,15600.0,3900.0
5.0,57.0,0.41290223598480225,-28.795810074102683,0.41818612813949585,495,15600.0,3900.0
6.0,57.0,0.41290223598480225,-28.89751274859319,0.41822072863578796,496,15600.0,3900.0
0.0,58.0,0.4266480803489685,-27.9139831912133,0.4297422766685486,497,15800.0,3950.0
1.0,58.0,0.4266480803489685,-28.521966780385664,0.4288489818572998,498,15800.0,3950.0
2.0,58.0,0.4266480803489685,-28.642620055906235,0.42941954731941223,499,15800.0,3950.0
3.0,58.0,0.4266480803489685,-28.74763830246464,0.43009674549102783,500,15800.0,3950.0
4.0,58.0,0.4266480803489685,-28.924229037377142,0.4301058351993561,501,15800.0,3950.0
0.0,59.0,0.4278034567832947,-28.477893375215075,0.431049108505249,502,16000.0,4000.0
1.0,59.0,0.4278034567832947,-28.710053973727756,0.4326761066913605,503,16000.0,4000.0
2.0,59.0,0.4278034567832947,-28.911855909559463,0.4350496530532837,504,16000.0,4000.0
3.0,59.0,0.4278034567832947,-29.05053910754976,0.43263038992881775,505,16000.0,4000.0
4.0,59.0,0.4278034567832947,-29.035999994429332,0.4339529275894165,506,16000.0,4000.0
0.0,60.0,0.42032140493392944,-28.57450333237648,0.42442962527275085,507,16200.0,4050.0
1.0,60.0,0.4191906154155731,-28.78075835108757,0.42397844791412354,508,16200.0,4050.0
2.0,60.0,0.4191906154155731,-28.96774125099182,0.4233343303203583,509,16200.0,4050.0
3.0,60.0,0.4191906154155731,-29.04167664051056,0.4253920316696167,510,16200.0,4050.0
4.0,60.0,0.41832488775253296,-29.24488005042076,0.4228171110153198,511,16200.0,4050.0
5.0,60.0,0.41766753792762756,-29.257884681224823,0.4232577681541443,512,16200.0,4050.0
6.0,60.0,0.41766753792762756,-29.33195248246193,0.4259604215621948,513,16200.0,4050.0
7.0,60.0,0.41766753792762756,-29.373305588960648,0.42538273334503174,514,16200.0,4050.0
8.0,60.0,0.41766753792762756,-29.479460835456848,0.4241507947444916,515,16200.0,4050.0
9.0,60.0,0.41766753792762756,-29.594737946987152,0.4248312711715698,516,16200.0,4050.0
10.0,60.0,0.41766753792762756,-29.59814277291298,0.42294082045555115,517,16200.0,4050.0
0.0,61.0,0.40583980083465576,-28.3438723050631,0.4158724844455719,518,16400.0,4100.0
1.0,61.0,0.40583980083465576,-28.704634681114783,0.4111678898334503,519,16400.0,4100.0
2.0,61.0,0.40583980083465576,-28.959580817589394,0.41654741764068604,520,16400.0,4100.0
3.0,61.0,0.40583980083465576,-29.05755976163424,0.4168364703655243,521,16400.0,4100.0
4.0,61.0,0.40583980083465576,-29.032371697059045,0.4156428277492523,522,16400.0,4100.0
0.0,62.0,0.3987339735031128,-28.450774295513447,0.3987339735031128,523,16600.0,4150.0
1.0,62.0,0.3987339735031128,-29.450282346285306,0.40180596709251404,524,16600.0,4150.0
2.0,62.0,0.3987339735031128,-29.57730196439303,0.40235063433647156,525,16600.0,4150.0
3.0,62.0,0.3987339735031128,-29.594700211745042,0.4026646018028259,526,16600.0,4150.0
4.0,62.0,0.3987339735031128,-29.646306522075946,0.40194377303123474,527,16600.0,4150.0
5.0,62.0,0.3987339735031128,-29.708709482046274,0.4023968577384949,528,16600.0,4150.0
0.0,63.0,0.37911584973335266,-28.978663589015152,0.3836526572704315,529,16800.0,4200.0
1.0,63.0,0.37911584973335266,-29.461020960952297,0.3836686313152313,530,16800.0,4200.0
2.0,63.0,0.37911584973335266,-29.52602817073013,0.3835133910179138,531,16800.0,4200.0
3.0,63.0,0.37911584973335266,-29.661984617059883,0.38463613390922546,532,16800.0,4200.0
4.0,63.0,0.37911584973335266,-29.735715374802098,0.38535359501838684,533,16800.0,4200.0
0.0,64.0,0.3961797058582306,-29.22858232526637,0.39879801869392395,534,17000.0,4250.0
1.0,64.0,0.3961797058582306,-29.551670102930782,0.39889562129974365,535,17000.0,4250.0
2.0,64.0,0.3961797058582306,-29.64811860269575,0.4007556736469269,536,17000.0,4250.0
3.0,64.0,0.3961797058582306,-29.7296214032529,0.3997000455856323,537,17000.0,4250.0
4.0,64.0,0.3961797058582306,-29.844480656865816,0.4016771614551544,538,17000.0,4250.0
0.0,65.0,0.3724958598613739,-29.33372113283943,0.3764709234237671,539,17200.0,4300.0
1.0,65.0,0.37121596932411194,-29.460948270909928,0.37503311038017273,540,17200.0,4300.0
2.0,65.0,0.37121596932411194,-29.720455786761114,0.3753907382488251,541,17200.0,4300.0
3.0,65.0,0.37121596932411194,-29.76107224296121,0.37694796919822693,542,17200.0,4300.0
4.0,65.0,0.37121596932411194,-29.837530584896314,0.37774857878685,543,17200.0,4300.0
5.0,65.0,0.37121596932411194,-29.915648123797247,0.37783434987068176,544,17200.0,4300.0
6.0,65.0,0.37121596932411194,-30.045538537642535,0.37664300203323364,545,17200.0,4300.0
0.0,66.0,0.3923642039299011,-29.182947495404413,0.3938118815422058,546,17400.0,4350.0
1.0,66.0,0.3923642039299011,-29.91522803026087,0.39651232957839966,547,17400.0,4350.0
2.0,66.0,0.39163345098495483,-29.953466499553006,0.3955020606517792,548,17400.0,4350.0
3.0,66.0,0.39163345098495483,-30.123420294593362,0.3996826708316803,549,17400.0,4350.0
4.0,66.0,0.39163345098495483,-30.124057545381433,0.3971624970436096,550,17400.0,4350.0
5.0,66.0,0.39163345098495483,-30.264218919417438,0.3975827395915985,551,17400.0,4350.0
6.0,66.0,0.39163345098495483,-30.36700055178474,0.3968469798564911,552,17400.0,4350.0
7.0,66.0,0.39163345098495483,-30.32405474606682,0.4014998972415924,553,17400.0,4350.0
0.0,67.0,0.3878743350505829,-29.594142582105555,0.39371493458747864,554,17600.0,4400.0
1.0,67.0,0.3878743350505829,-30.08269749517026,0.39538848400115967,555,17600.0,4400.0
2.0,67.0,0.3878743350505829,-30.10939031407453,0.39413851499557495,556,17600.0,4400.0
3.0,67.0,0.3878743350505829,-30.28653733626656,0.3954603374004364,557,17600.0,4400.0
4.0,67.0,0.3878743350505829,-30.280445264733356,0.3939287066459656,558,17600.0,4400.0
0.0,68.0,0.37379926443099976,-29.86062115260533,0.375995934009552,559,17800.0,4450.0
1.0,68.0,0.37379926443099976,-30.200668580191476,0.37736180424690247,560,17800.0,4450.0
2.0,68.0,0.37379926443099976,-30.31016445159912,0.37900036573410034,561,17800.0,4450.0
3.0,68.0,0.37379926443099976,-30.31974402836391,0.37781089544296265,562,17800.0,4450.0
4.0,68.0,0.37379926443099976,-30.47638100215367,0.3802433907985687,563,17800.0,4450.0
5.0,68.0,0.37379926443099976,-30.498212269374303,0.37888818979263306,564,17800.0,4450.0
0.0,69.0,0.38028377294540405,-29.636156780619018,0.3856731951236725,565,18000.0,4500.0
1.0,69.0,0.38028377294540405,-30.213256459840586,0.3860914409160614,566,18000.0,4500.0
2.0,69.0,0.38028377294540405,-30.30219658327774,0.3857992887496948,567,18000.0,4500.0
3.0,69.0,0.38028377294540405,-30.410606491733606,0.386340469121933,568,18000.0,4500.0
4.0,69.0,0.38028377294540405,-30.48086765450491,0.3863278329372406,569,18000.0,4500.0
0.0,70.0,0.3619953691959381,-29.955874760945637,0.36893752217292786,570,18200.0,4550.0
1.0,70.0,0.3619953691959381,-30.08882890807258,0.3723483681678772,571,18200.0,4550.0
2.0,70.0,0.3619953691959381,-30.175679789649116,0.37183982133865356,572,18200.0,4550.0
3.0,70.0,0.3619953691959381,-30.336286730236477,0.37171944975852966,573,18200.0,4550.0
4.0,70.0,0.3619953691959381,-30.25832772254944,0.37356874346733093,574,18200.0,4550.0
0.0,71.0,0.3637118935585022,-29.835753228929306,0.3637118935585022,575,18400.0,4600.0
1.0,71.0,0.3617580533027649,-30.441534757614136,0.3620108366012573,576,18400.0,4600.0
2.0,71.0,0.3617580533027649,-30.644579887390137,0.36634358763694763,577,18400.0,4600.0
3.0,71.0,0.3617580533027649,-30.620380030737984,0.3657245337963104,578,18400.0,4600.0
4.0,71.0,0.3617580533027649,-30.70248296525743,0.3648548424243927,579,18400.0,4600.0
5.0,71.0,0.3617580533027649,-30.820186138153076,0.36572492122650146,580,18400.0,4600.0
6.0,71.0,0.3617580533027649,-30.93956496980455,0.36508235335350037,581,18400.0,4600.0
0.0,72.0,0.34437671303749084,-30.086708513024735,0.3503960967063904,582,18600.0,4650.0
1.0,72.0,0.34437671303749084,-30.57159460407414,0.35025084018707275,583,18600.0,4650.0
2.0,72.0,0.34437671303749084,-30.66961489638237,0.3504868447780609,584,18600.0,4650.0
3.0,72.0,0.34437671303749084,-30.791035586840486,0.34890279173851013,585,18600.0,4650.0
4.0,72.0,0.34437671303749084,-30.828219061028467,0.34859272837638855,586,18600.0,4650.0
